ma_anh,muc_dich,loai_hinh,tieu_de,mo_ta,gia,don_gia_thue,dien_tich,duong_vao,mat_tien,so_tang,chieu_dai,nam_xay_dung,tang_so,dien_tich_su_dung,loai_kho,chieu_cao,tai_trong_nen,cong_suat_dien,pccc,van_phong_trong_kho,xe_container,phong_ngu,phong_tam,phuong_xa,tinh_thanh,dia_chi,thoi_gian_du_kien_vao_o,thoi_han_thue,tien_coc,muc_gia_nuoc,muc_gia_dien,hang_tin,phap_ly,huong,ten_du_an,huong_ban_cong,tinh_trang_noi_that,noi_that_ban_giao,tien_ich,lien_he_ten,lien_he_sdt,lien_he_email,ghi_chu,nguon,link_anh,anh,video
tin01,ban,Nhà riêng,"BÁN NHÀ 3 TẦNG KIỆT Ô TÔ PHƯỜNG SƠN TRÀ, CÁCH BIỂN MỸ KHÊ 500M","Nhà 3 tầng xây năm 2023, kiệt ô tô 5m thông ra đường Hà Bổng. Nội thất gỗ đầy đủ, dọn vào ở ngay. Pháp lý sổ hồng riêng, chính chủ.","5,5",,62,5,"4,5",3,,,,,,,,,,,,3,3,Phường Sơn Trà,Đà Nẵng,Đường Hà Bổng,,,,,,gold,Sổ đỏ / Sổ hồng chính chủ,Đông Nam,,,Nội thất đầy đủ,"Điều hoà, Tủ bếp, Giường ngủ, Bình nóng lạnh","Gần biển, Gần chợ / siêu thị, Kiệt ô tô",Nguyễn Văn An,0905123456,nguyenvanan@gmail.com,,,,,https://www.youtube.com/watch?v=VIDEO_ID
tin02,ban,Căn hộ,"BÁN CĂN HỘ 2PN VIEW SÔNG HÀN PHƯỜNG AN HẢI, BÀN GIAO FULL NỘI THẤT","Căn 2 phòng ngủ 78m2 tầng cao, ban công hướng Đông Nam nhìn thẳng sông Hàn. Toà có hồ bơi, phòng gym, bảo vệ 24/7, sổ hồng lâu dài.","4,3",,78,,,,,,,,,,,,,,,2,2,Phường An Hải,Đà Nẵng,Đường Trần Hưng Đạo,,,,,,diamond,Sổ đỏ / Sổ hồng chính chủ,Đông Nam,Monarchy,Đông Nam,Nội thất đầy đủ,"Điều hoà, Tủ bếp, Sofa, Rèm cửa","Hồ bơi, Phòng gym, An ninh 24/7, Hầm / bãi đỗ xe",Trần Thị Bích,0905987654,,,,,,
tin03,ban,Đất nền / Đất nền dự án,"BÁN ĐẤT NỀN HOÀ XUÂN LÔ GÓC 2 MẶT TIỀN, ĐƯỜNG 7M5, SỔ ĐỎ TRAO TAY","Lô góc hai mặt tiền đường 7m5 và 5m5, khu dân cư hiện hữu đã có người ở, xây dựng tự do. Sổ đỏ trao tay, giá tốt so với mặt bằng khu.","4,2",,100,5,"4,5",,,,,,,,,,,,,,,Phường Hòa Xuân,Đà Nẵng,Khu B2.35 Nam cầu Nguyễn Tri Phương,,,,,,silver,Sổ đỏ / Sổ hồng chính chủ,Bắc,,,,,"Mặt tiền đường lớn, Gần trường học, Khu dân cư hiện hữu",Lê Văn Cường,0905111222,,,,,,
tin04,thue,Căn hộ,"CHO THUÊ CĂN HỘ 2PN TRUNG TÂM PHƯỜNG HẢI CHÂU, ĐỦ NỘI THẤT CAO CẤP","Căn hộ 2 phòng ngủ 85m2 ngay trung tâm, đi bộ ra chợ Hàn khoảng 5 phút. Nội thất cao cấp, có máy giặt, giá đã gồm phí quản lý.",18,,85,,,,,,,,,,,,,,,2,2,Phường Hải Châu,Đà Nẵng,Đường Bạch Đằng,Vào ở ngay,,,Theo nhà nước,3.500đ/kWh,gold,,Đông,,Đông,Nội thất cao cấp,"Điều hoà, Máy giặt, Tủ lạnh, Tủ bếp","Thang máy, An ninh 24/7, Hầm / bãi đỗ xe",Phạm Minh Đức,0905333444,,,,,,
tin05,thue,Mặt bằng / Cửa hàng bán lẻ,"CHO THUÊ MẶT BẰNG KINH DOANH MẶT TIỀN PHƯỜNG THANH KHÊ, NGANG 6M","Mặt bằng tầng trệt ngang 6m sâu 18m, mặt tiền đường lớn hai chiều, vỉa hè rộng để xe thoải mái. Phù hợp cà phê, showroom, phòng khám.",35,,108,5,"4,5",,,,,,,,,,,,,,,Phường Thanh Khê,Đà Nẵng,Đường Điện Biên Phủ,Vào ở ngay,,,Theo nhà nước,3.500đ/kWh,silver,,Tây Bắc,,,Bàn giao thô,,"Vỉa hè rộng, Mặt tiền đường lớn, Khu đông dân cư",Võ Thị Hồng,0905555666,,,,,,
tin06,ban,Villa / Biệt thự biển,"BÁN BIỆT THỰ BIỂN PHƯỜNG HỘI AN, SÂN VƯỜN RIÊNG, GẦN BÃI BIỂN AN BÀNG","Biệt thự 2 tầng khuôn viên 320m2 có hồ bơi và sân vườn riêng, cách biển An Bàng 800m, cách phố cổ Hội An khoảng 10 phút xe máy.","18,5",,320,5,"4,5",3,,,,,,,,,,,,4,4,Phường Hội An,Đà Nẵng,Đường Nguyễn Phan Vinh,,,,,,diamond,Sổ đỏ / Sổ hồng chính chủ,Đông Nam,,,Nội thất cao cấp,"Điều hoà, Bếp từ / gas, Bàn ăn, Giường ngủ","Hồ bơi, Sân vườn, Gần biển, Gần phố cổ",Đặng Quốc Huy,0905777888,,,,,,
tin07,ban,Nhà mặt phố,"BÁN NHÀ MẶT PHỐ PHƯỜNG PHÚ XUÂN, KINH DOANH SẦM UẤT, GẦN ĐẠI NỘI","Nhà 3 tầng mặt tiền đường lớn khu vực trung tâm, đang cho thuê kinh doanh ổn định. Cách Đại Nội và cầu Trường Tiền khoảng 5 phút.","9,8",,96,5,"4,5",3,,,,,,,,,,,,4,3,Phường Phú Xuân,Huế,Đường Lê Lợi,,,,,,gold,Sổ đỏ / Sổ hồng chính chủ,Nam,,,Nội thất cơ bản,"Điều hoà, Tủ bếp","Mặt tiền đường lớn, Gần khu hành chính, Gần trường học",Hoàng Thị Lan,0234555111,,,,,,
tin08,thue,Căn hộ dịch vụ,"CHO THUÊ CĂN HỘ DỊCH VỤ 1PN PHƯỜNG THUẬN HÓA, DỌN VÀO Ở NGAY","Căn hộ dịch vụ 1 phòng ngủ 45m2, có dọn phòng hàng tuần, giá đã gồm điện nước và Internet. Hợp người đi làm hoặc lưu trú dài ngày.","7,5",,45,,,,,,,,,,,,,,,1,1,Phường Thuận Hóa,Huế,Đường Nguyễn Huệ,Vào ở ngay,,,Theo nhà nước,3.500đ/kWh,basic,,Đông Bắc,,Đông Bắc,Nội thất đầy đủ,"Điều hoà, Tủ lạnh, Bình nóng lạnh, Bàn làm việc","Thang máy, Dọn phòng hàng tuần, Wifi miễn phí",Nguyễn Thanh Tùng,0234666222,,,,,,
tin09,ban,Đất nền / Đất nền dự án,"BÁN ĐẤT NỀN PHƯỜNG ĐÔNG HÀ MẶT TIỀN ĐƯỜNG NHỰA, SỔ ĐỎ SẴN SÀNG","Lô đất 120m2 ngang 6m mặt tiền đường nhựa 9m, khu quy hoạch mới gần trục chính đi Cửa Việt. Sổ đỏ sẵn sàng, sang tên trong ngày.","1,45",,120,5,"4,5",,,,,,,,,,,,,,,Phường Đông Hà,Quảng Trị,Khu đô thị Nam Đông Hà,,,,,,basic,Sổ đỏ / Sổ hồng chính chủ,Đông,,,,,"Đường nhựa 9m, Khu quy hoạch mới, Gần trục chính",Trương Văn Bình,0233444555,,,,,,
tin10,ban,Nhà riêng,"BÁN NHÀ 2 TẦNG PHƯỜNG CẨM THÀNH, HẺM XE HƠI, GẦN SÔNG TRÀ KHÚC","Nhà 2 tầng 4 phòng ngủ, hẻm xe hơi vào tận nhà, khu dân trí cao yên tĩnh. Cách sông Trà Khúc và trung tâm hành chính khoảng 1km.","3,6",,88,5,"4,5",3,,,,,,,,,,,,4,3,Phường Cẩm Thành,Quảng Ngãi,Đường Hùng Vương,,,,,,silver,Sổ đỏ / Sổ hồng chính chủ,Tây Nam,,,Nội thất cơ bản,"Điều hoà, Tủ bếp, Giường ngủ","Hẻm xe hơi, Gần chợ / siêu thị, Khu yên tĩnh",Nguyễn Thị Mai,0255333777,,,,,,
tin11,ban,Căn hộ,"BÁN CĂN HỘ 2PN VIEW BIỂN PHƯỜNG QUY NHƠN, NỘI THẤT LIỀN TƯỜNG","Căn 2 phòng ngủ 72m2 tầng trung nhìn ra biển Quy Nhơn, ban công hướng Đông đón nắng sớm. Bàn giao nội thất liền tường, sổ hồng lâu dài.","3,2",,72,,,,,,,,,,,,,,,2,2,Phường Quy Nhơn,Gia Lai,Đường An Dương Vương,,,,,,gold,Sổ đỏ / Sổ hồng chính chủ,Đông,,Đông,Nội thất cơ bản,"Tủ bếp, Tủ quần áo, Bình nóng lạnh","Hồ bơi, Gần biển, An ninh 24/7",Lê Anh Quân,0256222888,,,,,,
tin12,thue,Văn phòng,"CHO THUÊ VĂN PHÒNG 90M2 PHƯỜNG QUY NHƠN ĐÔNG, CÓ THANG MÁY VÀ HẦM XE","Sàn văn phòng 90m2 nguyên căn tầng 3, có thang máy, hầm để xe, điều hoà trung tâm. Giá thuê chưa gồm phí dịch vụ và tiền điện.",16,,90,5,"4,5",,,,,,,,,,,,,,,Phường Quy Nhơn Đông,Gia Lai,Đường Nguyễn Tất Thành,Vào ở ngay,,,Theo nhà nước,3.500đ/kWh,basic,,Nam,,,Bàn giao thô,,"Thang máy, Hầm / bãi đỗ xe, Điều hoà trung tâm, An ninh 24/7",Phan Văn Sơn,0256111999,,,,,,
,ban,Condotel,"BÁN CONDOTEL VIEW BIỂN PHƯỜNG NHA TRANG, ĐANG CHO THUÊ SINH LỜI","Căn condotel 48m2 tầng cao view biển trực diện, đang có đơn vị vận hành cho thuê ổn định. Đầy đủ nội thất, khách chỉ việc nhận bàn giao.","2,45",,48,,,,,,,,,,,,,,,1,1,Phường Nha Trang,Khánh Hòa,Đường Trần Phú,,,,,,silver,Sổ đỏ / Sổ hồng chính chủ,Đông,,Đông,Nội thất cao cấp,"Điều hoà, Tủ bếp, Giường ngủ, Sofa","Hồ bơi, Gần biển, An ninh 24/7",Bùi Thị Ngọc,0258444111,,,,,condotel-nha-trang-1.jpg | condotel-nha-trang-2.jpg | condotel-nha-trang-3.jpg,
tin14,thue,Căn hộ,"CHO THUÊ CĂN HỘ 2PN PHƯỜNG BẮC NHA TRANG, CÁCH BIỂN 300M, FULL ĐỒ","Căn hộ 2 phòng ngủ 65m2, cách bãi biển 300m, đầy đủ nội thất và thiết bị bếp. Có chỗ để xe máy miễn phí, thuê tối thiểu 6 tháng.",11,,65,,,,,,,,,,,,,,,2,2,Phường Bắc Nha Trang,Khánh Hòa,Đường Phạm Văn Đồng,Vào ở ngay,,,Theo nhà nước,3.500đ/kWh,basic,,Đông Bắc,,Đông Bắc,Nội thất đầy đủ,"Điều hoà, Máy giặt, Tủ lạnh, Bếp từ / gas","Thang máy, Gần biển, Hầm / bãi đỗ xe",Đỗ Hoàng Nam,0258777333,,,,,,
tin15,ban,Nhà riêng,"BÁN NHÀ CẤP 4 GÁC LỬNG PHƯỜNG BUÔN MA THUỘT, ĐẤT RỘNG 150M2","Nhà cấp 4 có gác lửng trên lô đất 150m2, sân vườn rộng trồng cây lâu năm. Đường bê tông 5m, cách trung tâm thành phố khoảng 3km.","2,9",,150,5,"4,5",3,,,,,,,,,,,,3,2,Phường Buôn Ma Thuột,Đắk Lắk,Đường Nguyễn Thị Định,,,,,,basic,Sổ đỏ / Sổ hồng chính chủ,Đông Nam,,,Nội thất cơ bản,"Tủ bếp, Bình nóng lạnh","Sân vườn rộng, Đường bê tông 5m, Gần trường học",Y Thị Hoa,0262555444,,,,,,
tin16,thue,Thuê đất / Nhà xưởng / Kho bãi,"CHO THUÊ NHÀ XƯỞNG 2.000M2 KHU CÔNG NGHIỆP HOÀ KHÁNH, ĐƯỜNG CONTAINER 12M","Nhà xưởng khung thép tiền chế 2.000m2, nền bê tông chịu lực 3 tấn/m2.
Chiều cao thông thuỷ 9m, có cầu trục 5 tấn.
Điện 3 pha 560 KVA, PCCC đã nghiệm thu.
Văn phòng điều hành 120m2 trong khuôn viên.
Đường container 40 feet vào tận cửa xưởng.",,35,2000,12,,,,,,2000,Xưởng sản xuất,9,3 tấn/m2,560 KVA,Đã có,120,Container 40 feet,,,Phường Hoà Khánh,Đà Nẵng,Khu công nghiệp Hoà Khánh,,3 năm,3 tháng,,,gold,Hợp đồng mua bán,,,,,,"An ninh 24/7, Camera giám sát, Mặt tiền đường lớn",Lê Văn Hùng,0905246810,,"Tin gốc niêm yết 35.000đ/m2/thang — điền 35 vào don_gia_thue, KHÔNG tự nhân ra tổng tiền",,,,
tin17,thue,Thuê đất / Nhà xưởng / Kho bãi,"CHO THUÊ KHO BÃI 5.000M2 PHƯỜNG ĐIỆN BÀN, GIÁ TỐT CHO DIỆN TÍCH LỚN","Kho hàng khô 5.000m2 mái tôn chống nóng, nền đã láng phẳng.
Chiều cao thông thuỷ 7m, xe container 40 feet quay đầu trong sân.
Điện 3 pha 250 KVA, có hệ thống PCCC.
Cho thuê nguyên kho hoặc chia nhỏ từ 1.000m2.",,25,5000,10,,,,,,5000,Kho hàng khô,7,2 tấn/m2,250 KVA,Đã có,,Container 40 feet,,,Phường Điện Bàn,Đà Nẵng,Đường ĐT607,,2 năm,3 tháng,,,silver,Hợp đồng mua bán,,,,,,"An ninh 24/7, Mặt tiền đường lớn",Phạm Thị Loan,0905135790,,Đơn giá bậc thang: trên 1.000m2 là 25.000đ/m2 — ghi đúng mức áp cho diện tích của tin này,,,,
