tieu_de,chuyen_muc,slug,mo_ta_ngan,noi_dung,anh,tu_khoa_chinh,nguon,ghi_chu
Giá đất nền Ngũ Hành Sơn Đà Nẵng tháng 9/2026 tăng hay giảm?,Phân tích thị trường,gia-dat-nen-ngu-hanh-son-da-nang,"Cập nhật giá đất nền Ngũ Hành Sơn Đà Nẵng tháng 9/2026 theo từng tuyến đường, kèm phân tích nguồn cung và lời khuyên cho người mua ở thực.","Giá đất nền Ngũ Hành Sơn Đà Nẵng tháng 9/2026 đi ngang so với tháng trước, dao động 45-72 triệu đồng mỗi m2 tuỳ tuyến đường. Lượng tin rao tăng nhẹ nhưng số giao dịch thành công vẫn thấp.

Bối cảnh khu vực
Ngũ Hành Sơn nằm ở phía đông nam Đà Nẵng, kẹp giữa sông Cổ Cò và bãi biển Mỹ Khê - Non Nước. Đây là khu vực hưởng lợi trực tiếp từ trục Võ Nguyên Giáp và tuyến Trần Đại Nghĩa nối về Hội An.
Hai năm gần đây khu vực đón thêm một số dự án nhà ở thấp tầng, kéo theo mặt bằng giá của các lô đất hiện hữu quanh đó.

Diễn biến giá theo tuyến đường
Mức giá phổ biến ghi nhận trong tháng 9/2026:
- Trục ven biển Võ Nguyên Giáp: 68-72 triệu/m2
- Khu vực quanh Trần Đại Nghĩa: 52-58 triệu/m2
- Các kiệt ô tô nội khu Hoà Hải: 45-50 triệu/m2
So với cùng kỳ năm trước, mức giá gần như không đổi ở nhóm ven biển và giảm nhẹ 3-5% ở nhóm kiệt nhỏ.

Vì sao giá đi ngang
Thứ nhất, nguồn cung thứ cấp còn nhiều: khá đông nhà đầu tư mua giai đoạn 2021-2022 vẫn đang chờ thoát hàng.
Thứ hai, lãi suất cho vay mua nhà tuy đã hạ nhưng người mua ở thực vẫn thận trọng, thường thương lượng giảm 5-8% so với giá rao.

Người mua nên làm gì
Mua để ở: ưu tiên lô đã có sổ riêng, đường vào tối thiểu 5,5m để ô tô vào tận nhà, kiểm tra kỹ lộ giới và quy hoạch tại phường trước khi đặt cọc.
Mua để đầu tư: cân nhắc kỹ, mặt bằng giá hiện tại chưa cho thấy dư địa tăng ngắn hạn. Nếu vẫn mua, nên chọn lô pháp lý sạch, thanh khoản tốt hơn là lô giá rẻ ở vị trí sâu.

Kết
Giá đất nền Ngũ Hành Sơn tháng 9/2026 ổn định, chưa có tín hiệu tăng rõ rệt. Người mua ở thực đang có lợi thế thương lượng. Người mua đầu tư nên chờ thêm tín hiệu từ nguồn cung sơ cấp.",https://images.unsplash.com/photo-xxxxxxxx?w=1600,giá đất nền Ngũ Hành Sơn Đà Nẵng,https://batdongsan.com.vn/... | https://danang.gov.vn/...,"BÀI MẪU RÚT GỌN — chỉ để xem cấu trúc và cách xuống dòng. Bài thật phải 800-1.200 từ. Số liệu giá ở đây là ví dụ, KHÔNG dùng lại."
Kinh nghiệm thuê nhà xưởng Đà Nẵng: 7 điều cần kiểm tra,Cẩm nang,kinh-nghiem-thue-nha-xuong-da-nang,"Hướng dẫn thuê nhà xưởng Đà Nẵng: cách đọc đơn giá theo m2, kiểm tra chiều cao thông thuỷ, tải trọng nền, PCCC và các điều khoản hợp đồng dễ bị bỏ sót.","Thuê nhà xưởng Đà Nẵng khác hẳn thuê mặt bằng kinh doanh: giá tính theo m2 mỗi tháng, hợp đồng thường 3-5 năm, và một chi tiết kỹ thuật sai có thể khiến cả dây chuyền không lắp được.

1. Đọc đúng đơn giá thuê
Xưởng và kho báo giá theo nghìn đồng mỗi m2 mỗi tháng, không báo trọn gói. Mức phổ biến tại các khu công nghiệp Đà Nẵng là 25.000-45.000 đồng/m2/tháng.
Nhiều nơi áp giá bậc thang: dưới 1.000 m2 một giá, trên 1.000 m2 một giá thấp hơn. Hỏi rõ mức nào áp cho diện tích mình thuê.

2. Chiều cao thông thuỷ
Đây là con số quyết định xếp được mấy tầng hàng. Kho hàng khô thường cần tối thiểu 7m, xưởng có cầu trục cần 9m trở lên. Đo từ nền tới mép dưới kèo, không đo tới đỉnh mái.

3. Tải trọng nền
Nền 2 tấn/m2 đủ cho kho hàng nhẹ; máy móc nặng cần 3-5 tấn/m2. Yêu cầu chủ xưởng cho xem hồ sơ thiết kế, đừng tin miệng.

4. Đường container
Xe container 40 feet cần đường rộng tối thiểu 10m và sân quay đầu. Ra tận nơi xem thử, nhiều xưởng ghi 'xe container vào được' nhưng thực tế phải sang tải.

5. Công suất điện và PCCC
Kiểm tra công suất trạm biến áp còn dư bao nhiêu KVA, và hệ thống PCCC đã nghiệm thu chưa. Xưởng chưa nghiệm thu PCCC là rủi ro pháp lý thuộc về bên thuê khi vận hành.

6. Điều khoản hợp đồng dễ bỏ sót
- Thời hạn thuê tối thiểu và điều kiện chấm dứt sớm
- Tiền cọc, thường 3 tháng, và điều kiện hoàn cọc
- Ai chịu chi phí cải tạo, và khi trả mặt bằng có phải hoàn trạng không
- Mức tăng giá theo năm, thường 5-10%

7. Giấy tờ pháp lý của xưởng
Yêu cầu xem giấy chứng nhận quyền sử dụng đất, giấy phép xây dựng và mục đích sử dụng đất. Đất nông nghiệp dựng xưởng trái phép có thể bị cưỡng chế bất cứ lúc nào.

Kết
Bảy điểm trên nên kiểm tra tại chỗ trước khi đặt cọc, và ghi thành phụ lục hợp đồng. Chi phí một buổi đi xem kỹ rẻ hơn nhiều so với việc phải chuyển xưởng giữa chừng.",https://images.unsplash.com/photo-yyyyyyyy?w=1600,kinh nghiệm thuê nhà xưởng Đà Nẵng,https://batdongsan.com.vn/... | https://thuvienphapluat.vn/...,BÀI MẪU RÚT GỌN — chỉ để xem cấu trúc và cách xuống dòng. Bài thật phải 800-1.200 từ.
